"Title","URL handle","Description","Vendor","Type","Tags","Published on online store","Status","SKU","Option1 name","Option1 value","Price","Inventory tracker","Inventory quantity","Continue selling when out of stock","Weight value (grams)","Weight unit for display","Requires shipping","Charge tax","Collection","Fulfillment service","product.metafields.custom.materials","product.metafields.custom.care","product.metafields.custom.fit_note","product.metafields.custom.model_info"
"Architectural Wool Jacket","architectural-wool-jacket","Double-faced wool jacket with a restrained shoulder and cropped architectural line.","Mode Atelier","Outerwear","AW26,outerwear,charcoal","true","active","MA-AW26-JK01-S","Size","S","328000","shopify","8","deny","920","g","true","true","New Arrivals","manual","Shell: 90% wool, 10% nylon.
Lining: 100% cupro.","Professional dry clean only. Store on a broad hanger.","Relaxed shoulder. Cropped length. Choose your usual size.","Styling reference: size M. See the size guide for garment measurements."
"","architectural-wool-jacket","","","","","","","MA-AW26-JK01-M","Size","M","338000","shopify","12","deny","940","g","true","true","","manual","","","",""
"","architectural-wool-jacket","","","","","","","MA-AW26-JK01-L","Size","L","328000","shopify","0","deny","960","g","true","true","","manual","","","",""
"Transit Nylon Shell","transit-nylon-shell","Lightweight technical shell cut for layering between seasons.","Mode Atelier","Outerwear","AW26,outerwear,black,technical","true","active","MA-AW26-JK02-S","Size","S","248000","shopify","10","deny","540","g","true","true","New Arrivals","manual","Shell: 100% recycled nylon.
Lining: 100% polyester.","Cold gentle wash. Hang dry. Do not tumble dry.","Easy fit with room for a knit layer. Adjustable hem.","Styling reference: size M. See the size guide for garment measurements."
"","transit-nylon-shell","","","","","","","MA-AW26-JK02-M","Size","M","248000","shopify","14","deny","560","g","true","true","","manual","","","",""
"","transit-nylon-shell","","","","","","","MA-AW26-JK02-L","Size","L","248000","shopify","9","deny","580","g","true","true","","manual","","","",""
"Soft Structure Knit","soft-structure-knit","Compact knit with a soft hand and structured rib finish.","Mode Atelier","Knitwear","AW26,knitwear,stone","true","active","MA-AW26-KN01-S","Size","S","168000","shopify","11","deny","430","g","true","true","New Arrivals","manual","70% merino wool, 30% cotton.","Cold hand wash. Reshape and dry flat.","Regular fit with a softly dropped shoulder.","Styling reference: size M. See the size guide for garment measurements."
"","soft-structure-knit","","","","","","","MA-AW26-KN01-M","Size","M","168000","shopify","15","deny","450","g","true","true","","manual","","","",""
"","soft-structure-knit","","","","","","","MA-AW26-KN01-L","Size","L","168000","shopify","8","deny","470","g","true","true","","manual","","","",""
"Column Wide Trouser","column-wide-trouser","Full-length wide trouser with a clean front and fluid column silhouette.","Mode Atelier","Bottoms","AW26,bottoms,ink","true","active","MA-AW26-PT01-S","Size","S","188000","shopify","9","deny","610","g","true","true","New Arrivals","manual","Shell: 60% wool, 40% polyester.
Pocket lining: 100% cotton.","Professional dry clean only. Steam on a low setting.","High waist and full-length wide leg. Relaxed through the hip.","Styling reference: size M. See the size guide for garment measurements."
"","column-wide-trouser","","","","","","","MA-AW26-PT01-M","Size","M","188000","shopify","13","deny","630","g","true","true","","manual","","","",""
"","column-wide-trouser","","","","","","","MA-AW26-PT01-L","Size","L","188000","shopify","7","deny","650","g","true","true","","manual","","","",""
"Atelier Leather Tote","atelier-leather-tote","Structured leather tote sized for daily carry with minimal external branding.","Mode Atelier","Accessories","AW26,accessories,black,leather","true","active","MA-AW26-BG01","Size","One Size","298000","shopify","16","deny","780","g","true","true","New Arrivals","manual","Outer: cow leather.
Lining: cotton canvas.","Wipe with a soft dry cloth. Keep away from prolonged moisture and direct heat.","One size. 38 × 32 × 12 cm. Fits daily essentials and a 13-inch laptop.","Product-only photograph. Dimensions are the sizing reference."
"Folded Crescent Bag","folded-crescent-bag","Soft crescent shoulder bag with folded side construction.","Mode Atelier","Accessories","AW26,accessories,ash","true","active","MA-AW26-BG02","Size","One Size","218000","shopify","18","deny","520","g","true","true","New Arrivals","manual","Outer: cow leather.
Lining: 100% cotton.","Wipe with a soft dry cloth. Store in a dust bag when not in use.","One size. 30 × 19 × 8 cm. Adjustable shoulder strap.","Product-only photograph. Dimensions are the sizing reference."
